{
  "timesteps": [
    2000,
    4000,
    6000,
    8000,
    10000,
    12000,
    14000,
    16000,
    18000,
    20000,
    22000,
    24000,
    26000,
    28000,
    30000
  ],
  "mean_rewards": [
    -50.053124999999994,
    -44.45375,
    -33.33295454545454,
    -34.926923076923075,
    -35.232499999999995,
    -30.394642857142852,
    -22.402539062499997,
    -18.38576388888889,
    -10.010869565217392,
    -3.660784313725491,
    6.033977272727271,
    11.697884615384615,
    14.16825657894737,
    24.004765624999997,
    32.32630813953488
  ]
}